﻿{"cameraMode":{"drawMode":0,"name":"Shaded","section":"Shading Mode"},"sceneLighting":false,"audioPlay":false,"sceneViewState":{"showFog":true,"showMaterialUpdate":false,"showSkybox":true,"showFlares":true,"showImageEffects":true,"showParticleSystems":true},"in2DMode":false,"pivot":{"x":6.411210060119629,"y":-1.4755053520202637,"z":-1.3035125732421876},"rotation":{"x":-0.07273218780755997,"y":-0.9272138476371765,"z":0.25993624329566958,"w":-0.2596493065357208},"size":37.06691360473633,"orthographic":false}