﻿{"cameraMode":{"drawMode":0,"name":"Shaded","section":"Shading Mode"},"sceneLighting":true,"audioPlay":false,"sceneViewState":{"showFog":true,"showMaterialUpdate":false,"showSkybox":true,"showFlares":true,"showImageEffects":true,"showParticleSystems":true},"in2DMode":false,"pivot":{"x":-2.747523307800293,"y":-3.44885516166687,"z":-2.6068687438964845},"rotation":{"x":-0.6573602557182312,"y":-0.000671557558234781,"z":0.0006026315386407077,"w":-0.7535759210586548},"size":32.68354797363281,"orthographic":false}